batch,time,v1,v2,v3,v4,v9,v10,v11,v12,v13,v15,v16,v17,v18,v19,v20,v21,v22,v24,v25,natamycin
B01,0,0,0,0,0,0,0,0,0,0,0,0,0,0,0,0,0,0,0,0,0
B01,8,,,,2757,2679,,3723,,4202,4550,,5371,4669,4982,5430,5191,4839,4104,11130,
B01,16,,,,2350,14040,2722,18270,2610,4747,5257,840.6,4697,5408,5247,5271,4942,4422,3543,10210,
B01,24,,,1374,2392,15140,5870,19620,4928,4163,4421,1591,4190,4556,4654,4291,4399,3827,3079,9344,0.27
B01,32,,,1982,2804,14460,7922,19120,6700,4026,4372,2203,3817,4563,4534,4516,4190,3658,2932,9283,
B01,40,,,2276,3003,15790,8902,20570,7586,4474,4941,2830,3780,4910,4782,4659,4302,3734,3009,8488,
B01,48,,,2632,3582,18910,10360,24810,8469,4775,5168,3796,3948,5260,5064,4989,4498,3898,3152,9512,0.36
B01,56,,,3343,3347,46990,8314,55600,6317,4031,4322,12960,3646,4431,4331,4405,4081,3554,2834,7082,
B01,64,2007,2436,6156,2705,76800,8590,,7756,4395,4746,21730,3417,4753,4567,4394,3997,3410,2689,7558,
B01,72,3231,3868,8417,3002,88470,9099,,8357,4398,4596,28610,3151,4481,4355,4129,3689,3149,2497,6946,6.28
B01,80,3449,4116,8433,3424,66780,5818,70830,4914,4497,4893,24860,2797,4851,4584,4249,3781,3118,2346,6799,
B01,88,4582,5491,10910,5159,72530,6736,76440,6014,4515,4969,33670,3027,5009,4795,4497,4033,3358,2680,8841,
B01,96,4681,5620,10890,5509,62960,5680,65060,5178,3839,4534,32430,2625,4654,4524,4237,3633,3046,2396,8011,5.21
B01,104,4743,5699,10950,5957,61090,5174,63380,4621,3353,4145,,2365,4424,4404,4111,3668,3042,2323,7729,
B01,112,4627,5568,10670,6115,62930,4940,64790,4859,2921,3838,34320,2079,4208,4162,3942,3490,2857,2203,7457,
B01,120,4407,5340,10140,5790,61710,4463,62380,4362,2624,3459,33330,1994,3920,3968,3655,3259,2662,2062,7922,16.83
B01,128,4188,5130,9851,6377,64180,4372,65010,4301,2495,3209,,1925,3627,3743,3559,3047,2523,1968,8049,
B01,136,3947,4859,9410,5773,57640,3909,59330,4035,2416,3123,34380,1808,3496,3589,3373,2994,2478,1920,7549,
B01,144,3735,4588,8965,5827,59260,3799,60770,3574,2052,2663,34460,1583,3018,3197,3083,2733,2228,1749,7475,20.54
B01,152,3469,4293,8570,5017,60660,4143,62120,4343,1721,2333,34200,1373,2769,2946,2829,2447,1984,1517,6714,
B01,160,3208,3989,8113,4148,62170,4593,64940,4440,1479,1984,32600,1301,2382,2555,2440,2113,1731,1303,7083,
B01,168,2978,3747,7718,3876,62290,4596,64660,4729,1415,1881,33300,1382,2245,2435,2238,1996,1572,1157,7055,12.94
B02,0,0,0,0,0,0,0,0,0,0,0,0,0,0,0,0,0,0,0,0,0
B02,8,,,,2160,3533,,3628,,1840,2084,,2895,2361,2506,2502,2561,2998,2538,7043,
B02,16,,,,1383,21240,,20560,,1735,1946,2729,2505,2100,2270,2456,2474,2358,2101,6386,
B02,24,,,2185,1349,53810,2843,50540,1838,1886,2038,12920,2338,2255,2285,2510,2496,2393,2031,5778,0.5
B02,32,1343,1545,4998,1693,81630,4879,,3193,2168,2343,32070,2328,2554,2528,2572,2528,2352,2004,5243,
B02,40,3014,3292,7780,2949,89940,4325,,2971,2452,2556,38630,2235,2584,2510,2601,2521,2311,1930,5248,
B02,48,3574,3913,8841,4204,84050,3714,71330,2862,2513,2693,53620,2021,2688,2624,2607,2499,2228,1863,4781,3.7
B02,56,3589,4020,8715,4302,82140,3484,67260,2457,2145,2454,41770,1647,2501,2492,2472,2304,2018,1623,4578,
B02,64,3482,3921,8359,5469,79450,3230,64550,2368,1890,2380,41220,1591,2520,2557,2410,2220,1897,1560,4991,
B02,72,3326,3783,7943,6636,79650,3033,64050,2381,1786,2261,,1536,2474,2505,2426,2266,1949,1549,4336,6.5
B02,80,3036,3579,7256,7413,81210,2913,66020,2252,1678,2157,40410,1320,2339,2369,2333,2155,1897,1489,4361,
B02,88,2798,3328,6651,7689,81010,2749,64910,2113,1397,1959,50490,1305,2211,2257,2148,1993,1724,1403,4035,
B02,96,2574,3089,6126,8076,85940,2884,68700,2271,1388,1955,44440,1274,2216,2191,2164,1956,1736,1391,4035,8.4
B02,104,2446,2982,5837,8091,79650,,64860,1868,1337,1821,,1295,2069,2068,2038,1925,1684,1364,4067,
B02,112,2270,2839,5483,7187,78690,2183,62170,1895,1319,1730,54320,1167,1872,1966,2002,1837,1618,1321,3737,
B02,120,2152,2762,5240,6756,79390,,61970,1727,1338,1760,51640,1176,1939,2003,1969,1850,1650,1359,4399,20.5
B02,128,2046,2666,5045,6291,75560,,61300,1485,1321,1735,,1189,1897,1924,1852,1755,1526,1238,3988,
B02,136,1905,2536,4757,6463,78330,2295,63530,1775,1136,1523,54250,1102,1704,1712,1690,1588,1393,1104,4037,
B02,144,1798,2451,4483,6201,76270,2142,60690,1703,,1557,55530,1064,1713,1739,1630,1513,1318,1057,3640,21.4
B02,152,1700,2418,4407,6493,78180,2169,61530,1692,1032,1390,55320,1032,1608,1661,1576,1440,1257,991.2,3878,
B02,160,1683,2364,4274,6946,77750,2052,60770,1649,,1368,55020,986.7,1569,1618,1538,1414,1227,970.9,3833,
B02,168,1588,2236,4114,6786,75360,2023,58660,1636,,1376,55350,984,1516,1514,1474,1347,1157,951.4,3797,27.2
B03,0,0,0,0,0,0,0,0,0,0,0,0,0,0,0,0,0,0,0,0,0
B03,8,,,,1126,2590,,3201,,3973,4288,,3988,4329,4705,5032,4970,4439,3910,9982,
B03,16,,,,,20700,1233,24210,1351,2929,3315,1791,3287,3574,3475,3804,3795,3624,3064,8807,
B03,24,,,2408,842.4,48440,3680,56680,3507,3260,3656,10340,3211,3621,3754,3881,3697,3501,2972,9475,0.27
B03,32,2004,2380,5654,1273,48070,2913,53340,2760,3994,4277,18090,3154,4372,4387,4322,4060,3693,2975,7428,
B03,40,3784,4357,9023,2123,51300,3533,55790,3846,4260,4584,26660,3092,4599,4612,4524,4234,3817,3145,7255,
B03,48,4561,5220,10210,2712,52990,3715,56170,4024,3523,4354,32030,2758,4596,4635,4536,4251,3803,3122,7052,2.3
B03,56,4648,5330,10240,5443,56090,3118,58990,3476,2581,3373,35090,2210,3906,4265,4267,4058,3611,3033,7765,
B03,64,4212,4829,9077,6893,56450,2909,58870,3266,2257,2806,35740,1675,3273,3737,3961,3840,3486,2924,6953,
B03,72,3919,4501,8314,7493,56480,2696,57910,3234,2043,2473,38530,1496,2891,3353,3548,3567,3276,2796,7314,2.89
B03,80,3480,4096,7326,8028,55940,2498,56790,2913,2060,2402,37440,1355,2644,3014,3323,3443,3192,2743,7228,
B03,88,3046,3618,6537,8098,54260,2334,56740,2758,1896,2202,37670,1110,2388,2723,3040,3169,3040,2582,6461,
B03,96,2828,3373,5957,8599,61590,2507,63000,3108,2267,2704,40640,1444,2891,3091,3338,3416,3171,2751,7808,7.35
B03,104,2460,2949,5415,7695,62630,2542,63270,2996,1883,2271,40170,1287,2467,2590,2838,2916,2802,2416,6553,
B03,112,2072,2519,4787,7156,63820,2791,64550,3232,1644,1986,37690,1150,2188,2381,2546,2669,2572,2153,6558,
B03,120,1871,2303,4574,6815,59440,2695,61340,3045,1593,1943,40110,1159,2117,2333,2438,2564,2417,2122,6421,10.4
B03,128,1652,2046,4236,6547,60970,2554,61150,3002,1581,1938,36370,,2071,2236,2348,2409,2296,1987,7336,
B03,136,1517,1874,4116,6320,59330,2577,62030,3076,1365,1710,36830,,1894,2021,2159,2207,2129,1830,6621,
B03,144,1364,1716,3906,5929,61480,2609,61830,3076,1221,1547,36080,,1693,1839,1991,2077,1984,1684,6216,9.7
B03,152,1256,1614,3789,6174,57340,2320,58730,2832,1270,1564,36400,,1713,1863,1972,2043,1914,1645,6566,
B03,160,1189,1597,3558,6417,60550,2196,60810,2612,1262,1567,37290,,1734,1886,1983,2026,1939,1641,5957,
B03,168,1114,1521,3499,6010,55530,2049,56800,2399,,1502,36080,,1686,1830,1971,2013,1867,1610,6415,16.4
B04,0,0,0,0,0,0,0,0,0,0,0,0,0,0,0,0,0,0,0,0,0
B04,8,,,,1002,2744,,3634,,2663,2930,,3079,2845,3070,3215,3142,3053,2586,8913,
B04,16,,,1319,,29260,2928,34360,2824,2801,3007,5070,2794,3003,3180,3281,3148,2878,2401,7985,
B04,24,1296,1566,3770,,58860,5619,,5869,3148,3393,13780,2546,3570,3521,3420,3108,2756,2238,6937,1.46
B04,32,2102,2474,5519,1557,59800,5047,65870,4831,3081,3275,17890,2378,3251,3335,3188,2951,2534,2063,6539,
B04,40,2427,2878,6186,2680,63380,5186,67220,5377,2741,3058,20940,2248,3075,3064,2886,2644,2300,1857,6379,
B04,48,2489,2935,6296,3077,62840,4531,65530,4656,2629,2861,20540,2000,2889,2904,2720,2540,2188,1754,6310,2.5
B04,56,2733,3241,6820,3658,61090,3894,62040,4003,2515,2802,21360,1891,2874,2818,2717,2453,2111,1650,6105,
B04,64,2895,3487,6975,4230,60620,3542,60720,3826,2185,2589,22330,1911,2668,2613,2491,2266,1944,1542,6021,
B04,72,2442,3068,6007,4823,46720,2441,47730,2834,2000,2410,19650,1564,2578,2557,2380,2128,1785,1385,5708,9.3
B04,80,2886,3571,6508,5626,58380,2880,59280,3034,1960,2380,25580,1741,2470,2446,2378,2114,1837,1426,6004,
B04,88,2926,3659,6085,5855,60620,2982,60100,3259,1843,2212,25560,1644,2345,2357,2233,2034,1712,1368,6389,
B04,96,2859,3606,5642,6182,58980,2563,60850,3069,1950,2363,27680,1576,2498,2531,2395,2153,1830,1429,6605,12.26
B04,104,2761,3499,5453,5605,62810,2968,63970,3471,1588,2030,27900,1577,2178,2256,2092,1880,1614,1244,5424,
B04,112,3157,3994,4832,6006,,,,,1653,2163,34310,1572,2393,2442,2272,2025,1706,1310,,
B04,120,2573,3264,4936,6152,60430,2418,60780,2677,1301,1720,28140,1318,1966,2022,1949,1766,1473,1156,5455,14
B04,128,2474,3227,4799,5778,59890,2584,60030,2975,1389,1836,36550,1374,2108,2183,2041,1873,1577,1218,5507,
B04,136,2336,3056,4598,5828,61350,2627,61810,3104,1219,1646,28290,843.6,1952,1989,1937,1751,1490,1147,5652,
B04,144,2197,2902,4408,5532,58380,2361,58840,2774,,1570,37930,1300,1836,1940,1858,1718,1482,1175,5427,15.2
B04,152,2100,2746,4378,4804,54080,2132,55820,2665,1299,1716,35160,1257,1937,2064,2024,1809,1536,1209,5668,
B04,160,1909,2596,4141,4588,56670,1844,58450,2191,,1622,28350,1266,1851,1949,1907,1704,1429,1129,5587,
B04,168,1875,2519,4201,3904,56670,1669,57650,1935,1155,1519,36740,1156,1723,1793,1743,1575,1333,1067,5240,21.1
B05,0,0,0,0,0,0,0,0,0,0,0,0,0,0,0,0,0,0,0,0,0
B05,8,,,,1241,2702,,3267,,2728,3021,,3793,3089,3215,3396,3324,3122,2520,8379,
B05,16,,,,783.4,20450,1247,22320,1178,3378,3645,1691,3778,3756,3816,3624,3660,3216,2585,7676,
B05,24,,,2069,965.8,46790,3785,52520,3589,3334,3480,9987,3412,3470,3631,3642,3435,2988,2436,7038,0.62
B05,32,1803,2100,4876,1705,69870,4907,72440,4367,3851,4093,21150,3414,4178,4006,3955,3631,3146,2475,8576,
B05,40,3586,4059,8463,2981,63830,4700,63450,4842,3753,3951,29890,3311,3997,3722,3745,3444,3024,2480,7586,
B05,48,4011,4552,9080,3333,62890,5273,61930,5666,3531,3954,33200,2852,3904,3801,3640,3331,2823,2294,6939,4.54
B05,56,4247,4854,9185,6567,64280,3948,66030,4052,3049,3696,39810,2540,4090,4184,4089,3674,3131,2528,7817,
B05,64,3963,4583,8330,6605,64130,3706,62960,3847,2799,3198,39690,2074,3528,3763,3710,3490,2984,2430,6787,
B05,72,3602,4132,7400,7483,63330,3360,62640,3806,2809,3073,40980,1961,3264,3478,3473,3299,2858,2342,7303,7.84
B05,80,3148,3662,6510,7800,65280,3282,64330,3496,2825,3048,40190,1799,3103,3224,3256,3187,2782,2235,7245,
B05,88,3179,3635,6415,8255,64770,2987,63340,3057,2463,2875,41120,1748,3020,3156,3192,3069,2676,2200,6127,
B05,96,2932,3371,5871,8624,65310,2955,64710,3204,2405,2732,43330,1565,2806,2942,2991,2935,2579,2135,6540,9.9
B05,104,2587,3013,5340,8716,66370,3092,66630,3673,2362,2617,46800,1534,2745,2898,2951,2899,2585,2147,6982,
B05,112,2232,2602,4710,7731,65840,,65770,3351,2121,2427,,1334,2548,2737,2814,2757,2475,2037,6120,
B05,120,1961,2310,4369,7242,69270,2948,67560,3463,2125,2436,,,2524,2638,2697,2639,2352,1928,6037,5.56
B05,128,1746,2094,4066,7169,71280,3456,69710,3882,2026,2370,,1311,2476,2577,2667,2571,2331,1912,5950,
B05,136,1536,1855,3761,5839,69750,3145,68660,3369,1864,2189,43590,,2326,2405,2464,2428,2149,1721,6006,
B05,144,1367,1688,3433,5729,41640,,41280,1726,2189,2530,48110,1475,2582,2616,2648,2511,2226,1828,7034,5.29
B05,152,1285,1553,3438,6079,67870,3261,64330,3515,2310,2691,46350,1355,2830,3010,3129,3023,2674,2128,6721,
B05,160,1136,1386,3314,5661,86100,4352,80520,4562,1681,2067,46270,,2225,2347,2415,2303,2054,1666,6122,
B05,168,985.9,1213,3141,4692,79050,3873,76350,4042,1490,1802,,,1994,2158,2226,2196,1952,1556,6176,20.99
B06,0,0,0,0,0,0,0,0,0,0,0,0,0,0,0,0,0,0,0,0,0
B06,8,,,,1233,2190,,2597,,3250,3510,,3996,3562,3618,4037,3902,3541,2894,9511,
B06,16,,,,893.8,21970,1747,26050,1598,3120,3379,2410,3873,3516,3753,3908,3789,3389,2848,7661,
B06,24,,,3793,1130,60010,5779,68430,5245,3008,3355,17290,3783,3695,3651,3471,3501,3236,2655,7766,0.77
B06,32,2993,3418,7738,2140,89160,8019,,7285,3854,4068,34980,3487,4191,4159,4129,3807,3347,2744,7538,
B06,40,3672,4242,8957,2950,91850,7920,95650,7413,3979,4314,41540,3307,4350,4191,4059,3755,3258,2603,7594,
B06,48,3881,4518,9432,3588,86130,7267,88730,6731,3705,3977,45970,2975,3900,3874,3768,3455,3027,2448,7039,5.66
B06,56,3676,4392,8763,4686,83650,6404,,6634,3503,3844,48870,2737,3767,3742,3614,3268,2858,2298,7458,
B06,64,3558,4341,8210,5882,80240,5864,82490,5869,3304,3708,49750,2553,3753,3767,3473,3138,2743,2222,7240,
B06,72,3290,4009,7493,6577,86480,5930,85800,5784,3066,3666,50290,2414,3818,3752,3450,3245,2759,2223,7986,9.32
B06,80,3030,3727,6849,6178,76760,5220,78740,5342,2649,3299,48680,2183,3526,3549,3333,3076,2635,2082,7124,
B06,88,2715,3315,6299,6231,79510,4872,79700,4276,2608,3295,45800,2011,3641,3663,3450,3048,2593,2039,6972,
B06,96,2537,3159,6108,5616,70110,4620,70700,4851,2912,3590,47880,2308,3836,3862,3699,3349,2829,2234,7965,11.03
B06,104,2382,2820,5739,5844,82070,5246,82890,5305,1861,2588,45650,1544,3025,3204,3063,2666,2200,1700,5853,
B06,112,2252,2853,5650,6248,69980,4556,70640,4708,2076,2883,46730,1746,3295,3397,3259,2900,2385,1858,6742,
B06,120,2100,2669,5440,6185,71070,4706,71580,4551,2261,2957,46150,1765,3370,3461,3262,2894,2467,1929,7517,11.8
B06,128,1805,2264,4924,6601,75760,4332,75560,4689,1206,1811,37540,,2311,2513,2468,2210,1784,1365,5499,
B06,136,1804,2303,4830,7030,69340,,68180,4495,2036,2762,,1684,3201,3362,3216,2790,2306,1811,7303,
B06,144,1655,2143,4583,6911,81160,4704,80940,4779,1391,2013,,,2517,2726,2639,2350,1958,1530,6179,6.18
B06,152,1537,1919,4391,6685,85390,4844,86780,5055,,1914,44680,,2359,2596,2554,2304,1913,1421,6495,
B06,160,1430,1866,4217,6235,77640,4155,78390,4432,1482,2155,44060,1357,2622,2793,2699,2401,2030,1578,7066,
B06,168,1348,1755,4040,5427,79100,4067,79250,4388,,2020,43620,1208,2404,2625,2550,2294,1884,1424,6478,6.88
B07,0,0,0,0,0,0,0,0,0,0,0,0,0,0,0,0,0,0,0,0,0
B07,8,,,,3026,2143,,2191,,1236,1362,,2390,1442,1641,1718,1702,2010,1941,6250,
B07,16,,,,2710,20360,,20070,,1239,1317,3057,2143,1399,1589,1664,1947,2033,1844,5169,
B07,24,,,2886,2565,58210,3553,53160,2251,1290,1409,13410,2083,1535,1668,1903,1950,1893,1642,5288,0.31
B07,32,2168,2417,6022,2504,85680,4761,,3184,1904,2047,25930,2083,2187,2238,2311,2264,2068,1767,4460,
B07,40,3298,3619,8175,3174,87880,4516,73710,3000,2485,2503,34340,2187,2527,2587,2568,2422,2157,1837,4462,
B07,48,3396,3739,8330,3786,79090,3760,64810,2701,2364,2479,33130,1963,2516,2584,2498,2326,2046,1683,3990,2.18
B07,56,3757,4138,8986,5318,79410,3338,65630,2294,2029,2109,36740,1856,2090,2193,2094,1987,1774,1500,4071,
B07,64,3688,4132,8972,4691,83970,2894,65830,2166,1874,2043,38190,1825,2061,2079,2018,1891,1640,1341,4142,
B07,72,3702,4186,8874,5080,83010,2473,64670,1772,1716,1904,40130,1610,1817,1808,1779,1636,1450,1202,3829,3.76
B07,80,3071,3634,7698,4997,73950,1925,59000,1510,1527,1815,33190,1369,1901,1905,1777,1625,1354,1072,3417,
B07,88,3433,4014,7775,5343,79260,1782,62210,1497,1348,1583,43830,1348,1636,1626,1498,1397,1259,1017,3973,
B07,96,3144,3752,7189,5104,83020,1777,64800,1555,1415,1670,43720,1283,1690,1658,1592,1462,1271,1002,3869,5.15
B07,104,2993,3593,6762,5455,85430,1917,66320,1597,,1473,45350,1294,1595,1571,1466,1322,1129,894.4,3639,
B07,112,2871,3444,6472,5167,78960,1664,63210,1429,1227,1538,46380,1254,1603,1604,1497,1390,1180,926.6,3708,
B07,120,2845,3403,6462,4118,69350,1214,54460,1142,1140,1455,39500,1139,1583,1564,1411,1256,1033,813.8,3620,6.11
B07,128,2647,3272,5980,4548,73660,1369,57610,1077,,1382,50240,1162,1442,1454,1371,1256,1067,839.9,3661,
B07,136,2542,3160,5798,4690,73630,1258,56440,1241,,1395,49400,1009,1494,1496,1401,1245,1069,845.3,3937,
B07,144,2476,3031,5778,4708,73000,1233,56410,1158,,1434,,1101,1571,1525,1374,1223,1044,,3786,16.27
B07,152,2258,2881,5466,6553,72910,1807,56170,1572,,1324,51770,1210,1438,1445,1320,1156,970.4,,3769,
B07,160,2040,2625,5189,6320,66220,1791,52370,1617,,1263,53430,1289,1363,1373,1272,1134,950.3,,3659,
B07,168,1883,2418,5066,6688,68810,1806,55830,1499,,1167,50770,1393,1328,1335,1245,1085,933.5,,3685,12.97
B08,0,0,0,0,0,0,0,0,0,0,0,0,0,0,0,0,0,0,0,0,0
B08,8,,,,2967,1773,,1757,,1119,1187,,2047,1312,1483,1680,1724,1658,1572,5153,
B08,16,,,,2475,17930,,17090,,1242,1340,1865,1934,1437,1581,1626,1809,1646,1572,4556,
B08,24,,,2308,2521,52380,2868,49720,1906,1467,1550,,1975,1632,1728,1735,1884,1772,1544,5089,0.88
B08,32,2143,2399,5913,2852,89300,4195,,1797,1945,2028,34290,1957,2017,2090,2077,2118,1951,1610,4076,
B08,40,2432,2711,6276,3148,88020,4178,,3072,2329,2531,35560,1785,2547,2487,2312,2143,1843,1475,3535,
B08,48,3529,3857,8850,4692,90590,3856,,2668,2037,2193,50480,1712,2199,2236,2199,1966,1813,1462,3702,3.29
B08,56,3761,4117,9327,6317,84570,3295,,2488,1955,2228,,1676,2234,2213,2077,1958,1743,1415,2735,
B08,64,3713,4193,9199,7246,75520,2848,60660,2218,1776,2068,54280,1550,2160,2159,2081,2003,1748,1428,4029,
B08,72,3726,4247,9018,7039,76220,2696,60290,2120,1617,2022,54070,1458,2177,2213,2128,1938,1702,1378,4017,9.91
B08,80,3574,4116,8585,6877,78120,2652,63560,2184,1381,1824,59460,1248,2069,2122,2040,1915,1671,1366,3690,
B08,88,3476,4018,8166,7656,74570,2315,58160,1861,1175,1629,57790,1171,1976,2110,2125,2006,1732,1407,3741,
B08,96,3146,3687,7426,7516,80940,2529,63810,2098,1124,1517,61950,1058,1823,2035,2033,1907,1681,1394,4232,13.1
B08,104,2958,3462,7150,6353,76220,2299,60360,1994,1230,1590,55990,1099,1859,2008,2022,1836,1613,1279,4186,
B08,112,2763,3236,6836,5899,74170,2126,58060,,1190,1595,56710,1103,1840,1967,1953,1835,1587,1297,4046,
B08,120,2545,2994,6509,5675,72160,1948,56390,1686,1099,1491,54670,,1789,1906,1906,1765,1572,1288,4023,15.36
B08,128,2332,2762,6111,5106,77350,1999,59730,1642,,1345,57130,,1618,1781,1774,1706,1501,1187,3708,
B08,136,2067,2462,5751,5018,71290,1864,55780,1637,,,58430,,1494,1640,1634,1532,1324,1059,3823,
B08,144,1893,2250,5497,5024,69900,1787,57180,1517,,,58980,,1412,1608,1658,1532,1290,1060,3707,9.1
B08,152,1619,1990,5401,6536,72090,2252,56330,1879,,,57780,,1358,1520,1491,1392,1209,947.8,4057,
B08,160,1375,1680,5355,6644,71880,2141,57420,1817,,,56430,,1282,1439,1478,1396,1183,938.9,3721,
B08,168,1240,1519,5006,6239,62240,1754,49100,1516,,,42850,,,,1172,1092,926.5,,3154,12
B09,0,0,0,0,0,0,0,0,0,0,0,0,0,0,0,0,0,0,0,0,0
B09,8,,,,3242,1719,,1878,,4560,4765,,5988,4956,5572,6190,6006,5620,4752,15280,
B09,16,,,,2959,16300,,20060,801.8,4571,4862,2245,4942,4868,5111,5194,4949,4465,3759,12250,
B09,24,,,1680,2934,56540,4715,,4167,4116,4753,16770,4476,4925,4927,5021,4692,4190,3409,10190,0.42
B09,32,1582,1887,5160,2755,92530,7533,,7003,4450,4957,30010,3935,4813,4942,4856,4390,3735,2970,9818,
B09,40,2567,2991,7142,3114,95760,7192,104600,6699,4562,4946,36210,3455,4969,4803,4567,4163,3434,2714,9259,
B09,48,3038,3512,7854,3913,93020,6186,93660,5990,4000,4433,37840,2937,4364,4272,4026,3575,3057,2359,10040,2.1
B09,56,3050,3550,7737,4945,95140,5672,93530,5222,3296,3763,36980,2457,3759,3727,3470,3047,2519,1947,9260,
B09,64,3013,3518,7487,5933,94070,5445,96560,5524,2772,3323,36390,2186,3377,3321,3092,2706,2207,1678,8902,
B09,72,3078,3646,7495,6830,86250,4730,88080,4869,2353,2886,,2106,3020,3046,2783,2459,2004,1517,8363,3.52
B09,80,2829,3373,6909,7261,94270,4730,97050,5241,1909,2520,39100,1329,2707,2721,2490,2203,1805,1365,8496,
B09,88,2600,3204,6282,7488,102400,4841,103300,5396,1471,2071,35730,1086,2353,2440,2196,1889,1514,1128,7375,
B09,96,2586,3259,6145,8004,86000,3992,86640,4351,1586,2214,38420,1232,2484,2559,2278,1992,1641,1234,8556,9.29
B09,104,2487,3051,5870,8422,91320,3954,89850,4056,1494,2145,41780,1732,2451,2538,2340,2106,1718,1298,8403,
B09,112,2404,3097,5559,8464,88240,3631,87590,3888,,1911,38270,1029,2277,2454,2257,1956,1571,1208,7500,
B09,120,2334,3083,5315,8719,83150,3190,84710,3388,1464,2043,38370,1560,2320,2434,2273,1952,1603,1210,7036,5.36
B09,128,2250,3033,5022,8819,84520,3134,87030,3277,,1839,39250,980.6,2129,2323,2119,1854,1517,1143,6801,
B09,136,2172,3013,4741,8261,85150,2959,86920,3192,1188,1707,38130,911.9,2019,2163,2013,1765,1391,,7402,
B09,144,2110,2957,4581,8512,81880,3052,82160,3391,,1747,39400,848.7,2059,2206,2030,1785,1421,1071,6664,4.99
B09,152,1932,2775,4232,7842,94670,2933,,3265,,1345,38540,654.2,1644,1781,1644,1457,1166,,6507,
B09,160,1897,2751,4199,7802,79110,,76860,2793,1242,1720,40970,811.8,2034,2090,2014,1706,1382,,6550,
B09,168,1861,2701,4115,7290,80360,2409,80120,2787,,1457,39490,676.3,1729,1852,1703,1502,1178,,6301,10.37
B10,0,0,0,0,0,0,0,0,0,0,0,0,0,0,0,0,0,0,0,0,0
B10,8,,,,2333,1631,,1826,,1407,1531,,2068,1643,1916,1992,2221,2155,1936,6087,
B10,16,,,,3260,31610,,33410,,3248,3727,,3166,3732,4210,4463,4491,4376,3777,8833,
B10,24,1141,1323,3723,2778,64430,,60570,,2998,3434,,2662,3534,3589,3695,3300,3331,2772,5004,0.51
B10,32,2414,2709,6307,2971,,,,,,,,,,,,,,,,
B10,40,2838,3170,7142,3981,,,,,,,,,,,,,,,,
B10,48,3203,3589,8241,5328,79260,3693,64890,2545,2591,2698,43390,1936,2765,2716,2816,2686,2433,2065,4680,2.53
B10,56,3089,3478,7528,5957,71340,2960,55600,2109,2433,2643,30520,1737,2624,2724,2689,2565,2276,1892,4027,
B10,64,3394,3937,8048,6776,64390,2163,51810,1541,2312,2599,32600,1691,2721,2783,2714,2548,2307,1925,3978,
B10,72,3392,3975,7715,7369,69380,2099,54180,1495,2098,2508,36270,1598,2703,2714,2553,2435,2219,1809,4210,4.6
B10,80,3157,3766,7270,7659,68440,2006,53240,1520,1883,2341,33580,1357,2530,2572,2528,2326,2080,1683,3933,
B10,88,3228,3881,6804,7873,68120,1858,53440,1424,1848,2224,37190,1390,2431,2506,2459,2263,2019,1626,3610,
B10,96,2973,3706,6453,6741,59310,1680,50870,1555,1476,1890,32470,1246,2099,2150,2110,1986,1710,1357,4243,7.05
B10,104,2941,3750,5924,8110,62450,1876,59550,1957,1773,2250,39630,1340,2546,2601,2517,2302,2017,1626,5404,
B10,112,2705,3494,5572,5721,59410,1537,54800,1559,1595,2012,36200,1281,2256,2329,2255,2080,1827,1475,5172,
B10,120,2540,3311,5292,4613,55320,1329,52300,1386,1533,1906,35540,1206,2131,2239,2138,2014,1733,1378,4610,14.23
B10,128,2306,3168,4950,4543,56840,1275,51880,1352,1567,1881,38130,1223,2092,2137,2085,1874,1666,1333,4988,
B10,136,2153,2952,4843,4225,57050,1404,52620,1491,1552,1871,39870,1189,2092,2131,2072,1893,1622,1306,4614,
B10,144,2082,2792,4718,4159,55660,1040,50460,1004,1370,1720,49420,,1907,1969,1893,1716,1540,1202,4481,16.01
B10,152,2022,2765,4657,4509,59430,1233,52290,1234,1320,1658,39490,,1829,1908,1831,1665,1465,1162,4263,
B10,160,1860,2646,4494,4113,54860,1180,48830,1168,1216,1536,38950,1009,1720,1769,1707,1594,1342,1087,4187,
B10,168,1720,2448,4454,4162,51590,1097,45410,1038,1134,1445,36540,937.5,1641,1694,1651,1499,1281,1055,4183,11.82
N01,0,0,0,0,0,0,0,0,0,0,0,0,0,0,0,0,0,0,0,0,0
N01,8,,,,2671,1396,,2101,,3706,3958,,3948,4177,4511,4916,4852,4611,3962,12020,
N01,16,,,,2145,10920,1107,14050,903.4,3396,3569,869.9,3208,3611,3687,4056,3958,3734,3116,8983,
N01,24,,,2399,2196,34180,3634,43090,3120,3808,4241,8945,3135,4393,4300,4289,4061,3730,3138,8812,0.99
N01,32,2183,2579,5955,2634,67460,6023,,5456,4091,4330,24820,2928,4213,4284,4262,3987,3504,2979,7541,
N01,40,3025,3561,7662,3460,64610,5372,73650,4923,4233,4599,30570,2730,4432,4420,4326,4057,3670,3016,7290,
N01,48,3334,3914,8223,3834,59860,5317,67380,4845,3822,4220,31990,2501,4299,4123,4092,3731,3333,2688,7024,7.98
N01,56,3243,3865,8023,4768,55800,5040,62020,4850,3360,3741,31100,2132,3831,3766,3634,3371,2955,2399,7426,
N01,64,3206,3865,7779,5429,64000,5021,68710,4941,2954,3449,33050,1970,3555,3586,3434,3122,2763,2174,7322,
N01,72,2934,3532,7213,4829,60190,4395,65330,4203,2516,3002,30510,1778,3154,3146,2919,2660,2250,1786,6997,14.07
N01,80,2799,3402,6908,4886,64740,4280,67510,4526,2154,2638,31160,1938,2784,2791,2594,2334,2018,1621,6660,
N01,88,2668,3271,6672,4910,59800,3888,64080,3966,1950,2395,30820,1732,2571,2591,2362,2164,1834,1441,6419,
N01,96,2449,2998,6290,4674,61230,,64620,4167,1852,2248,,1525,2419,2438,2263,2046,1690,1355,6161,15.9
N01,104,2424,2980,6111,4820,62640,3905,66510,4004,1725,2192,32260,1702,2348,2342,2188,2009,1692,1343,6112,
N01,112,2050,2585,5474,4388,53980,3082,56930,3423,1490,1886,27530,1489,2057,2165,1983,1765,1445,1099,5455,
N01,120,2213,2772,5622,4864,68930,3890,72530,4179,1632,2070,33680,1622,2272,2320,2106,1876,1589,1217,6416,18.5
N01,128,2161,2690,5611,4389,64980,3606,67610,4017,1534,1946,33670,1675,2110,2132,1967,1799,1517,1182,6332,
N01,136,2106,2627,5495,4136,63300,,65400,3526,1606,2014,,1634,2161,2174,1971,1776,1500,1213,6085,
N01,144,2074,2601,5472,3944,64490,,66040,3468,1497,1825,3668,1640,2029,2045,1911,1705,1432,1112,6236,20.51
N01,152,2015,2607,5448,4128,62220,,64330,3244,1478,1886,,1617,2047,2096,1916,1714,1463,1140,6142,
N01,160,2004,2598,5385,4369,60950,2946,62490,3247,1438,1811,29290,1592,2012,2035,1926,1764,1465,1149,6169,
N01,168,1921,2576,5336,4583,57500,2844,60190,3048,,1768,33670,1893,1976,2018,1907,1677,1422,1132,6201,25.58